{
    "0": {
        "3M_2018_10K.pdf_page_48": 20.19647789001465,
        "3M_2018_10K.pdf_page_38": 20.04789161682129,
        "3M_2018_10K.pdf_page_59": 19.9620418548584,
        "3M_2018_10K.pdf_page_45": 19.635488510131836,
        "3M_2018_10K.pdf_page_125": 19.354814529418945
    }
}