{
    "0": {
        "3M_2018_10K.pdf_page_48": 19.9620418548584,
        "3M_2018_10K.pdf_page_38": 18.986404418945312,
        "3M_2018_10K.pdf_page_59": 18.82351303100586,
        "3M_2018_10K.pdf_page_45": 18.719655990600586,
        "3M_2018_10K.pdf_page_41": 18.705957412719727
    },
    "1": {
        "3M_2018_10K.pdf_page_57": 20.496845245361328,
        "3M_2018_10K.pdf_page_13": 20.24015235900879,
        "3M_2018_10K.pdf_page_56": 19.3690128326416,
        "3M_2018_10K.pdf_page_43": 19.106367111206055,
        "3M_2018_10K.pdf_page_126": 18.386037826538086
    },
    "2": {
        "3M_2022_10K.pdf_page_33": 18.777708053588867,
        "3M_2022_10K.pdf_page_35": 17.886234283447266,
        "3M_2022_10K.pdf_page_49": 17.39466667175293,
        "3M_2022_10K.pdf_page_38": 16.79535675048828,
        "3M_2022_10K.pdf_page_40": 16.13417625427246
    },
    "3": {
        "3M_2022_10K.pdf_page_19": 19.754352569580078,
        "3M_2022_10K.pdf_page_23": 19.382579803466797,
        "3M_2022_10K.pdf_page_31": 19.321666717529297,
        "3M_2022_10K.pdf_page_32": 18.583866119384766,
        "3M_2022_10K.pdf_page_20": 18.441905975341797
    },
    "4": {
        "3M_2022_10K.pdf_page_27": 18.92073631286621,
        "3M_2022_10K.pdf_page_32": 18.77938461303711,
        "3M_2022_10K.pdf_page_28": 17.510326385498047,
        "3M_2022_10K.pdf_page_31": 16.862693786621094,
        "3M_2022_10K.pdf_page_4": 16.710613250732422
    },
    "5": {
        "3M_2023Q2_10Q.pdf_page_4": 21.021224975585938,
        "3M_2023Q2_10Q.pdf_page_70": 19.860675811767578,
        "3M_2023Q2_10Q.pdf_page_18": 19.746471405029297,
        "3M_2023Q2_10Q.pdf_page_68": 19.60962677001953
    },
    "6": {
        "3M_2023Q2_10Q.pdf_page_69": 18.56133270263672,
        "3M_2023Q2_10Q.pdf_page_18": 18.531368255615234,
        "3M_2023Q2_10Q.pdf_page_72": 17.6108455657959,
        "3M_2023Q2_10Q.pdf_page_4": 16.784164428710938,
        "3M_2023Q2_10Q.pdf_page_82": 15.792597770690918
    }
}